ID_Unico,Estado,Fecha_Prog
3-N/A / SOPORTE ALUMINIO HEMBRA RECIBIDOR PINHOOD / CAPO / KENWORTH T800VT39,PENDIENTE,
"400-ACOPLE RAPIDO 1"" HIDRAULICOVT41",PENDIENTE,
566-ALARMA REVERSA 41-820 POLLAK 107 DB ( 12-24V)VP23,PENDIENTE,
566-ALARMA REVERSA 41-820 POLLAK 107 DB ( 12-24V)CG32,PENDIENTE,
566-ALARMA REVERSA 41-820 POLLAK 107 DB ( 12-24V)CB04,PENDIENTE,
566-ALARMA REVERSA 41-820 POLLAK 107 DB ( 12-24V)CB08,PENDIENTE,
1395-6203ZZ / RODAMIENTOS RIGIDOS DE BOLAS / TRANSMISION / GENERALCG34,PENDIENTE,
1395-6203ZZ / RODAMIENTOS RIGIDOS DE BOLAS / TRANSMISION / GENERALCD04,PENDIENTE,
1449-BALISA (LICUADORA) MAGNETICA CON TOMA ENCENDEDOR 12 VVP29,PENDIENTE,
1449-BALISA (LICUADORA) MAGNETICA CON TOMA ENCENDEDOR 12 VCO56,PENDIENTE,
1449-BALISA (LICUADORA) MAGNETICA CON TOMA ENCENDEDOR 12 VCG27,PENDIENTE,
1449-BALISA (LICUADORA) MAGNETICA CON TOMA ENCENDEDOR 12 VVP35,PENDIENTE,
1449-BALISA (LICUADORA) MAGNETICA CON TOMA ENCENDEDOR 12 VVP21,PENDIENTE,
1449-BALISA (LICUADORA) MAGNETICA CON TOMA ENCENDEDOR 12 VVP52,PENDIENTE,
1449-BALISA (LICUADORA) MAGNETICA CON TOMA ENCENDEDOR 12 VVP51,PENDIENTE,
1657-BATERIA 27H DE 1000 AMP BORNE REF 27AD-1000 / 27AI-1000VP23,PENDIENTE,
1657-BATERIA 27H DE 1000 AMP BORNE REF 27AD-1000 / 27AI-1000VP33,PENDIENTE,
1657-BATERIA 27H DE 1000 AMP BORNE REF 27AD-1000 / 27AI-1000BS07,PENDIENTE,
1657-BATERIA 27H DE 1000 AMP BORNE REF 27AD-1000 / 27AI-1000CG21,PENDIENTE,
1657-BATERIA 27H DE 1000 AMP BORNE REF 27AD-1000 / 27AI-1000PI15,PENDIENTE,
1657-BATERIA 27H DE 1000 AMP BORNE REF 27AD-1000 / 27AI-1000VP19,PENDIENTE,
1657-BATERIA 27H DE 1000 AMP BORNE REF 27AD-1000 / 27AI-1000CO40,PENDIENTE,
1657-BATERIA 27H DE 1000 AMP BORNE REF 27AD-1000 / 27AI-1000PI25,PENDIENTE,
1657-BATERIA 27H DE 1000 AMP BORNE REF 27AD-1000 / 27AI-1000CO52,PENDIENTE,
1657-BATERIA 27H DE 1000 AMP BORNE REF 27AD-1000 / 27AI-1000RE24,PENDIENTE,
1657-BATERIA 27H DE 1000 AMP BORNE REF 27AD-1000 / 27AI-1000VP35,PENDIENTE,
1657-BATERIA 27H DE 1000 AMP BORNE REF 27AD-1000 / 27AI-1000CA05,PENDIENTE,
1657-BATERIA 27H DE 1000 AMP BORNE REF 27AD-1000 / 27AI-1000PE04,PENDIENTE,
1657-BATERIA 27H DE 1000 AMP BORNE REF 27AD-1000 / 27AI-1000PI21,PENDIENTE,
1657-BATERIA 27H DE 1000 AMP BORNE REF 27AD-1000 / 27AI-1000CP21,PENDIENTE,
1657-BATERIA 27H DE 1000 AMP BORNE REF 27AD-1000 / 27AI-1000CO43,PENDIENTE,
1657-BATERIA 27H DE 1000 AMP BORNE REF 27AD-1000 / 27AI-1000RE51,PENDIENTE,
1657-BATERIA 27H DE 1000 AMP BORNE REF 27AD-1000 / 27AI-1000CO36,PENDIENTE,
1657-BATERIA 27H DE 1000 AMP BORNE REF 27AD-1000 / 27AI-1000CP13,PENDIENTE,
1657-BATERIA 27H DE 1000 AMP BORNE REF 27AD-1000 / 27AI-1000VP48,PENDIENTE,
1658-BATERIA 30H BORNE ATORNILLARVD47,PENDIENTE,
1658-BATERIA 30H BORNE ATORNILLARVD19,PENDIENTE,
1658-BATERIA 30H BORNE ATORNILLARVD105,PENDIENTE,
1658-BATERIA 30H BORNE ATORNILLARVD50,PENDIENTE,
1658-BATERIA 30H BORNE ATORNILLARvd114,PENDIENTE,
1658-BATERIA 30H BORNE ATORNILLARCG31,PENDIENTE,
1658-BATERIA 30H BORNE ATORNILLARVD17,PENDIENTE,
1658-BATERIA 30H BORNE ATORNILLARVT29,PENDIENTE,
1658-BATERIA 30H BORNE ATORNILLARVT39,PENDIENTE,
1658-BATERIA 30H BORNE ATORNILLARVD69,PENDIENTE,
1658-BATERIA 30H BORNE ATORNILLARTR11,PENDIENTE,
1658-BATERIA 30H BORNE ATORNILLARCA06,PENDIENTE,
1658-BATERIA 30H BORNE ATORNILLARVD28,PENDIENTE,
1658-BATERIA 30H BORNE ATORNILLARVD18,PENDIENTE,
1658-BATERIA 30H BORNE ATORNILLARRE50,PENDIENTE,
1658-BATERIA 30H BORNE ATORNILLARPE07,PENDIENTE,
1658-BATERIA 30H BORNE ATORNILLARCO46,PENDIENTE,
1658-BATERIA 30H BORNE ATORNILLARVD26,PENDIENTE,
1658-BATERIA 30H BORNE ATORNILLARVD48,PENDIENTE,
1658-BATERIA 30H BORNE ATORNILLARVD76,PENDIENTE,
1658-BATERIA 30H BORNE ATORNILLARVD29,PENDIENTE,
1658-BATERIA 30H BORNE ATORNILLARVD71,PENDIENTE,
1658-BATERIA 30H BORNE ATORNILLARVT31,PENDIENTE,
1658-BATERIA 30H BORNE ATORNILLARCP15,PENDIENTE,
1658-BATERIA 30H BORNE ATORNILLARMX05,PENDIENTE,
1658-BATERIA 30H BORNE ATORNILLARTA03,PENDIENTE,
1658-BATERIA 30H BORNE ATORNILLARIR03,PENDIENTE,
1658-BATERIA 30H BORNE ATORNILLARVD89,PENDIENTE,
1658-BATERIA 30H BORNE ATORNILLARVT28,PENDIENTE,
1658-BATERIA 30H BORNE ATORNILLARVT24,PENDIENTE,
1658-BATERIA 30H BORNE ATORNILLARPI19,PENDIENTE,
1658-BATERIA 30H BORNE ATORNILLARMN15,PENDIENTE,
1658-BATERIA 30H BORNE ATORNILLARVT27,PENDIENTE,
1658-BATERIA 30H BORNE ATORNILLARVL05,PENDIENTE,
1658-BATERIA 30H BORNE ATORNILLARVD93,PENDIENTE,
1658-BATERIA 30H BORNE ATORNILLARVT37,PENDIENTE,
1661-BATERIA 4D1300TMCG35,PENDIENTE,
1661-BATERIA 4D1300CG24,PENDIENTE,
1661-BATERIA 4D1300RE18,PENDIENTE,
1661-BATERIA 4D1300CG35,PENDIENTE,
1661-BATERIA 4D1300CG25,PENDIENTE,
1661-BATERIA 4D1300CO49,PENDIENTE,
1661-BATERIA 4D1300RE35,PENDIENTE,
1661-BATERIA 4D1300RE37,PENDIENTE,
1661-BATERIA 4D1300RC07,PENDIENTE,
1661-BATERIA 4D1300CT01,PENDIENTE,
1661-BATERIA 4D1300RC04,PENDIENTE,
1661-BATERIA 4D1300CG14,PENDIENTE,
1661-BATERIA 4D1300BZ09,PENDIENTE,
1661-BATERIA 4D1300RC01,PENDIENTE,
1661-BATERIA 4D1300VL03,PENDIENTE,
1661-BATERIA 4D1300RE33,PENDIENTE,
1661-BATERIA 4D1300CT02,PENDIENTE,
1661-BATERIA 4D1300CO50,PENDIENTE,
1661-BATERIA 4D1300RE27,PENDIENTE,
1661-BATERIA 4D1300RE21,PENDIENTE,
1661-BATERIA 4D1300VL01,PENDIENTE,
1668-BATERIA AUTOMOTRIZ 30H 12VVP45,COMPLETADO,
1668-BATERIA AUTOMOTRIZ 30H 12VVL06,PENDIENTE,
1668-BATERIA AUTOMOTRIZ 30H 12VCG29,PENDIENTE,
1668-BATERIA AUTOMOTRIZ 30H 12VRC02,PENDIENTE,
1668-BATERIA AUTOMOTRIZ 30H 12VCA01,PENDIENTE,
1668-BATERIA AUTOMOTRIZ 30H 12VRE23,PENDIENTE,
1668-BATERIA AUTOMOTRIZ 30H 12VRE31,PENDIENTE,
1668-BATERIA AUTOMOTRIZ 30H 12VCP11,PENDIENTE,
1668-BATERIA AUTOMOTRIZ 30H 12VMN13,PENDIENTE,
1668-BATERIA AUTOMOTRIZ 30H 12VBS05,PENDIENTE,
1668-BATERIA AUTOMOTRIZ 30H 12VCO40,PENDIENTE,
1668-BATERIA AUTOMOTRIZ 30H 12VRE29,PENDIENTE,
1668-BATERIA AUTOMOTRIZ 30H 12VVP37,PENDIENTE,
1977-BOMBONA SUSPENSIÓN TRASERA 364SQ27 MACK GRANITEVT24,PENDIENTE,
1977-BOMBONA SUSPENSIÓN TRASERA 364SQ27 MACK GRANITEVT26,PENDIENTE,
"2770-CADENA 3/8"" ESLABONADA ACERO TRABAJO PESADOPT02",PENDIENTE,
"2770-CADENA 3/8"" ESLABONADA ACERO TRABAJO PESADOCB05",PENDIENTE,
2957-CAMARA DOBLE TIPO 30 P/FRENOSCB04,PENDIENTE,
3003-CAMPANA 10 HUECOS DELANTERA INTER-7600VD117,PENDIENTE,
3009-CAMPANA 6 HUECOS TRAILERVR33,PENDIENTE,
"3467-042703 ASTEC (NSTU-SC-207) / CHUMACERA TENSORA PARA EJE 2.7/16"" / ELEVADOR DE CALIENTE / PA05PA05",PENDIENTE,
3515-CILINDRO LEVANTAR TAPA 1310426200 ATLAS COPCO XAS185CP15,PENDIENTE,
3515-CILINDRO LEVANTAR TAPA 1310426200 ATLAS COPCO XAS185CP11,PENDIENTE,
3515-CILINDRO LEVANTAR TAPA 1310426200 ATLAS COPCO XAS185CP12,PENDIENTE,
3515-CILINDRO LEVANTAR TAPA 1310426200 ATLAS COPCO XAS185CP10,PENDIENTE,
3515-CILINDRO LEVANTAR TAPA 1310426200 ATLAS COPCO XAS185CP13,PENDIENTE,
3863-CONECTOR TRAILER PHILIPS MARCA POLLAK MACHO Y HEMBRAGH01,PENDIENTE,
3961-CONO DE 70 CMS LIVIANO BASE NARANJA CON DOS RE FLECTIVOS GRADO INGENIERIA PRISMATICO TIPO I 10 Y 10 CMSVD135,PENDIENTE,
4095-CORBATIN 47691 HENDRICKSON LIVIANO GRANITEVT26,PENDIENTE,
4146-CORREA 3VX600 (DENTADA)PA05,PENDIENTE,
4155-CORREA 3VX1120PA05,PENDIENTE,
4218-CORREA EN V BX33CO44,PENDIENTE,
4384-CRUCETA 338 TOMAFUERZAVT26,PENDIENTE,
4384-CRUCETA 338 TOMAFUERZAVT24,PENDIENTE,
4411-CRUCETA CARDAN PAREJA 15.5CM 5280XVT26,PENDIENTE,
4419-CRUCETA MIXTA CARDAN 19.5VD12,PENDIENTE,
4419-CRUCETA MIXTA CARDAN 19.5VT26,PENDIENTE,
4461-CUCHILLA 5D9554 15 HUECOS MOTONIVELADORAMN14,PENDIENTE,
4461-CUCHILLA 5D9554 15 HUECOS MOTONIVELADORAMN17,PENDIENTE,
4461-CUCHILLA 5D9554 15 HUECOS MOTONIVELADORAMN10,PENDIENTE,
4461-CUCHILLA 5D9554 15 HUECOS MOTONIVELADORAMN15,PENDIENTE,
4461-CUCHILLA 5D9554 15 HUECOS MOTONIVELADORAMN16,PENDIENTE,
4474-CUCHILLA BALDE CARGADOR 1359396 CAT 236BCG32,COMPLETADO,
4474-CUCHILLA BALDE CARGADOR 1359396 CAT 236BCG22,PENDIENTE,
4474-CUCHILLA BALDE CARGADOR 1359396 CAT 236BCG27,PENDIENTE,
4474-CUCHILLA BALDE CARGADOR 1359396 CAT 236BEM BR02,PENDIENTE,
4706-DIENTE BALDE 1U3352 CAT 966ERE23,PENDIENTE,
4706-DIENTE BALDE 1U3352 CAT 966ERE50,PENDIENTE,
4706-DIENTE BALDE 1U3352 CAT 966ERE51,PENDIENTE,
4708-DIENTE ESCARIFICADOR 8111 VOLVO G930MN14,PENDIENTE,
4708-DIENTE ESCARIFICADOR 8111 VOLVO G930MN15,PENDIENTE,
4708-DIENTE ESCARIFICADOR 8111 VOLVO G930MN12,PENDIENTE,
5004-EMPAQUE 2721956 CAT 938GRE23,PENDIENTE,
5022-EMPAQUE 4Y9652 TAPAS LATERALES C7 CATRE23,PENDIENTE,
5663-ESQUINERO 9W8874 LIVIANO RH D6T - D6HBZ08,PENDIENTE,
5664-ESQUINERO 9W8875 LIVIANO LH D6T - D6HBZ08,PENDIENTE,
7073-HOROMETRO 331010003R/331-545 MECANICO. V.D.O.CG31,PENDIENTE,
"7518-LAMINA A36 1/2"" (4X8)RE27",PENDIENTE,
"7564-N/A / LAMINA A36 2"" (50MM) X 40CM X 21CM / ESTRUCTURA / GENERALCB05",PENDIENTE,
"7605-LAMINA ANTIDESGASTE 3/8"" (1.20 X 2.40)MTTR02",PENDIENTE,
"7605-LAMINA ANTIDESGASTE 3/8"" (1.20 X 2.40)MTCG24",PENDIENTE,
7664-LAMINA XAR PLUS 6MM (4X8) ANTIDESGASTEPA05,PENDIENTE,
7676-LAMPARA 3609781C1 LUZ TECHO INTERNA CABINA IH-7600VD58,PENDIENTE,
7702-8980539150 / LAMPARA DELANTERA DERECHA / SISTEMA ELECTRICO / CHEVROLET NKR MOD. 2006 CA02CA02,PENDIENTE,
7762-LICUADORA GRANDE HELLA KL700 24V 2RL004958111CT02,PENDIENTE,
8323-MANGUERA 3/8CO44,PENDIENTE,
8531-MANGUERA R5 3/16VD15,PENDIENTE,
"8560-MANGUERA 3/8"" SINFLEXCB04",PENDIENTE,
8581-MANGUERA Y PISTOLA SOPLACABINAVT34,PENDIENTE,
8581-MANGUERA Y PISTOLA SOPLACABINAVT31,PENDIENTE,
8622-MANO P/FRENO TRAILER INCAVT39,PENDIENTE,
8956-NEUMATICO 12 X 16.5 MINICARGADORCG37,PENDIENTE,
9320-PASADOR DIENTE 9J2308 CAT950BRE28,PENDIENTE,
9320-PASADOR DIENTE 9J2308 CAT950BRE29,PENDIENTE,
9320-PASADOR DIENTE 9J2308 CAT950BRE52,PENDIENTE,
9320-PASADOR DIENTE 9J2308 CAT950BRE45,PENDIENTE,
9629-PIN 8E6208 SEGURO PUNTA 416CRE45,PENDIENTE,
9690-PIN PASADOR 8E6209 CAT 416DRE45,PENDIENTE,
9721-PIN TF23P PUNTA CUCHARON RETROEXCAVADORA 410JRE19,PENDIENTE,
10067-PITO H3AL002 12VVD107,PENDIENTE,
10068-PITO HELLA 24VMN12,PENDIENTE,
"10189-PLATINA A36 3/8"" X 1.1/2"" X 6MTTR02",PENDIENTE,
10216-PLATINA INFERIOR DE DESGASTE 54230031 REMCOTR05,PENDIENTE,
"10273-PLUMILLA 28"" LIMPIABRISASRE40",PENDIENTE,
"10273-PLUMILLA 28"" LIMPIABRISASCO58",PENDIENTE,
"10273-PLUMILLA 28"" LIMPIABRISASMN14",PENDIENTE,
10390-PORTAPUNTA 187002 WIRTGEN W150RC03,PENDIENTE,
10520-PUNTA 6Y5230 ESCALIFICADOR MOTINIVELADORA 120HMN11,PENDIENTE,
10536-PUNTA TF23D CUCHARON RETROEXCAVADORA 410JRE19,PENDIENTE,
11020-470163 / RETENEDOR TOMA FUERZA / TRANSMISION / INTERNACIONAL PROSTARVT31,PENDIENTE,
11020-470163 / RETENEDOR TOMA FUERZA / TRANSMISION / INTERNACIONAL PROSTARVT34,PENDIENTE,
"11097-RETENEDOR 95X120X13 ALIMENTADOR 30 X 46""TR03",PENDIENTE,
11389-RODAMIENTO 62022RSCG22,PENDIENTE,
11403-RODAMIENTO 6309 - 2ZC3 SKFPA05,PENDIENTE,
11472-RODAMIENTO BALINERA 62042RSC3TR02,PENDIENTE,
11472-RODAMIENTO BALINERA 62042RSC3PI14,PENDIENTE,
11520-RODAMIENTO DE BOLAS MARCA SKF 6312 C3 ZZPA05,PENDIENTE,
11737-RODILLO Y CUNA SET 423 (6461-6420)VD131,PENDIENTE,
11742-RODILLO Y CUNA SET-401 (580/572)VD42,PENDIENTE,
11742-RODILLO Y CUNA SET-401 (580/572)VD60,PENDIENTE,
11743-RODILLO Y CUNA SET-403 (594A-592A)VD60,PENDIENTE,
"11755-RODILLO DE FELPA 5""PA05",PENDIENTE,
12142-SELLO 3K0360 CAT 950BMN16,PENDIENTE,
12142-SELLO 3K0360 CAT 950BMN11,PENDIENTE,
12180-SELLO 4J7533 MANDO CONTROL CATERPILLAR 120HMN11,PENDIENTE,
12450-SELLO 8P2022 PISTON OPRESOR TRANSMISION 966E - D6H CATBZ02,PENDIENTE,
12965-SENSOR TACH 1200 PPR 077576 TYPE T8.5000.C820.1200.0014 IDENT 181515(5-30 VDC) S/N0719902ECE KUBLER TURCK ASTECPA05,PENDIENTE,
12965-SENSOR TACH 1200 PPR 077576 TYPE T8.5000.C820.1200.0014 IDENT 181515(5-30 VDC) S/N0719902ECE KUBLER TURCK ASTECPA04,PENDIENTE,
12975-SENSOR TEMPERATURA DIFERENCIAL INTERNATIONAL 7600 3536822C1VD71,PENDIENTE,
12975-SENSOR TEMPERATURA DIFERENCIAL INTERNATIONAL 7600 3536822C1VT31,PENDIENTE,
13203-SOBRE ESQUINERO 12745114 VOLVO G930MN17,PENDIENTE,
13295-SOPORTE 13304787 VIBRACION INGERSOLL RAND SD/10/122/160CO31,PENDIENTE,
13295-SOPORTE 13304787 VIBRACION INGERSOLL RAND SD/10/122/160CO49,PENDIENTE,
13471-STRIP 5T8366 CUCHILLA 120H CATMN11,PENDIENTE,
13511-SUICHE LUCES CON INTEGRADO 3582062C1VD13,PENDIENTE,
13545-SWITCH ENCENDIDO 12V TORICAPI07,PENDIENTE,
13545-SWITCH ENCENDIDO 12V TORICACP13,PENDIENTE,
13545-SWITCH ENCENDIDO 12V TORICACP10,PENDIENTE,
13545-SWITCH ENCENDIDO 12V TORICACO53,PENDIENTE,
13545-SWITCH ENCENDIDO 12V TORICAMN11,PENDIENTE,
13813-3578369C2/TAPA PLASTICA/ CAJA BATERÍA/INTERNATIONAL 7600VD59,PENDIENTE,
13813-3578369C2/TAPA PLASTICA/ CAJA BATERÍA/INTERNATIONAL 7600VD41,PENDIENTE,
13813-3578369C2/TAPA PLASTICA/ CAJA BATERÍA/INTERNATIONAL 7600VD30,PENDIENTE,
13813-3578369C2/TAPA PLASTICA/ CAJA BATERÍA/INTERNATIONAL 7600VD15,PENDIENTE,
13813-3578369C2/TAPA PLASTICA/ CAJA BATERÍA/INTERNATIONAL 7600VD13,PENDIENTE,
13813-3578369C2/TAPA PLASTICA/ CAJA BATERÍA/INTERNATIONAL 7600VD22,PENDIENTE,
14159-TERMINAL HEMBRA PLANO MEDIANO 094CO39,PENDIENTE,
"14177-TERMINAL OJO 3/16""CO39",PENDIENTE,
"14970-TUBO ACERO 1"" AGUAS NEGRASCT02",PENDIENTE,
15002-TUBO ALIMENTADOR 50020012 MOLINO REMCOTR05,PENDIENTE,
"15084-TUBO FLEXIBLE 5"" P/EXOSTOVT34",PENDIENTE,
"15651-VALVULA 3/8"" NPT DESCARGUE FRENOCB04",PENDIENTE,
15721-VALVULA COMPLETA 329214 X LEVANTE VOLCO INTER-7600VD27,PENDIENTE,
15963-VENTILADOR 1310034281 8 ASPAS PLASTICO ATLAS COPCOCP12,PENDIENTE,
15963-VENTILADOR 1310034281 8 ASPAS PLASTICO ATLAS COPCOCP13,PENDIENTE,
15963-VENTILADOR 1310034281 8 ASPAS PLASTICO ATLAS COPCOCP14,PENDIENTE,
18072-TENSOR CORREA ALTERNADOR ISM 3102888 POLEA 3104139VD15,PENDIENTE,
"18084-RETENEDOR FULK2918 SALIDA CAJA INTER 7600, EATON 4302322VT34",PENDIENTE,
"18084-RETENEDOR FULK2918 SALIDA CAJA INTER 7600, EATON 4302322VT36",PENDIENTE,
"18143-SILENCIADOR 1/2"" VALVULA SOLENOIDEPA05",PENDIENTE,
20229-4392318 / CONJUNTO RESORTE DE GAS / CABINA / CAT CB2.7 CO52CO52,PENDIENTE,
20229-4392318 / CONJUNTO RESORTE DE GAS / CABINA / CAT CB2.7 CO52CO59,PENDIENTE,
20229-4392318 / CONJUNTO RESORTE DE GAS / CABINA / CAT CB2.7 CO52CO60,PENDIENTE,
20259-CORREA MOTOR INTERNATIONAL WORKSTAR 3605646C1 8PK2070VD13,PENDIENTE,
20287-CORNETA 3791174C2 SONIDO ADVERTENCIAVD13,PENDIENTE,
20287-CORNETA 3791174C2 SONIDO ADVERTENCIAVD138,PENDIENTE,
20287-CORNETA 3791174C2 SONIDO ADVERTENCIAVD136,PENDIENTE,
20287-CORNETA 3791174C2 SONIDO ADVERTENCIAVD89,PENDIENTE,
20287-CORNETA 3791174C2 SONIDO ADVERTENCIAPT02,PENDIENTE,
20287-CORNETA 3791174C2 SONIDO ADVERTENCIAvd114,PENDIENTE,
20287-CORNETA 3791174C2 SONIDO ADVERTENCIAVD61,PENDIENTE,
20287-CORNETA 3791174C2 SONIDO ADVERTENCIAVD96,PENDIENTE,
20300-N13248 / RESORTE 3/4 NEUTRAL / SISTEMA HIDRAULICO / CASE SR200CG31,PENDIENTE,
20411-1611705 / SENSOR PRESION ACEITE / MOTOR / CAT 950H - CG16CG34,PENDIENTE,
20411-1611705 / SENSOR PRESION ACEITE / MOTOR / CAT 950H - CG16CG16,PENDIENTE,
20457-SENSOR NIVEL REFRIGERANTE 1673785C92 9400VD13,PENDIENTE,
20471-1S8938 / VALVULA CARGA DE NITROGENO / CILINDRO SUSPENSION / CATERPILLAR 730VA07,PENDIENTE,
20686-CEPILLOS CERDAS ACERO 1659072 BARREDOR MINICARGADOR KITEM BR05,PENDIENTE,
20686-CEPILLOS CERDAS ACERO 1659072 BARREDOR MINICARGADOR KITEM BR02,PENDIENTE,
20686-CEPILLOS CERDAS ACERO 1659072 BARREDOR MINICARGADOR KITEM BR04,PENDIENTE,
20687-CEPILLOS CERDAS POLIPROPILENO 1659071 BARREDOR MINICARGADOR KITEM BR05,PENDIENTE,
20687-CEPILLOS CERDAS POLIPROPILENO 1659071 BARREDOR MINICARGADOR KITEM BR02,PENDIENTE,
20687-CEPILLOS CERDAS POLIPROPILENO 1659071 BARREDOR MINICARGADOR KITEM BR04,PENDIENTE,
21060-3359117 / BOMBA AGUA / MOTOR / CAT 236B CG19CG19,PENDIENTE,
21177-VALVULA E-8P PEDAL FRENO 2506077C91 ACOPLE RAPIDO INTER 7600 WORKSTARVD10,PENDIENTE,
21264-BAG SS 4-5/8X84-1/2 SBAND 18OZ ARAMID SINGE (080317) ASTECPA05,PENDIENTE,
21286-CEPILLO DEL BARREDOR B6652802 BOBCAT 783721782EM BR03,PENDIENTE,
21286-CEPILLO DEL BARREDOR B6652802 BOBCAT 783721782EM BR06,PENDIENTE,
21314-3401290 / EMPAQUE CARTER / MOTOR / INTERNATIONAL 7600VD100,PENDIENTE,
21314-3401290 / EMPAQUE CARTER / MOTOR / INTERNATIONAL 7600VD131,PENDIENTE,
21314-3401290 / EMPAQUE CARTER / MOTOR / INTERNATIONAL 7600VD98,PENDIENTE,
21397-PERA LUZ REVERSA INTERNATIONAL 7600 4302748VT31,PENDIENTE,
21397-PERA LUZ REVERSA INTERNATIONAL 7600 4302748MX08,PENDIENTE,
21404-PLATO DISTRIBUIDOR 93270019 REMCO SD-SAND250-234-12TR05,PENDIENTE,
21433-6207ZZC3 / RODAMIENTO BOLAS MARCA FAG / MOTOR ELECTRICO / GENERALPS01,PENDIENTE,
21921-2035050 / RESISTENCIA DE CALENTAMIENTO / ELECTRICO / VOGELE SUPER 1803-2 FS11FS11,PENDIENTE,
"21959-LAMINA TIVAR 88 1/2ç X 15CMS X 2,05 M RASPADOR RODILLO CO34CO42",PENDIENTE,
"21959-LAMINA TIVAR 88 1/2ç X 15CMS X 2,05 M RASPADOR RODILLO CO34CO54",PENDIENTE,
22005-BOMBA AUXILIAR COMBUSTIBLE 2706992 CATPE18,PENDIENTE,
22385-CONJUNTO REPARACION 1981076 ACTUADOR (3) PILOTAJE MANDO CAT 236BCG22,PENDIENTE,
22385-CONJUNTO REPARACION 1981076 ACTUADOR (3) PILOTAJE MANDO CAT 236BCG21,PENDIENTE,
22385-CONJUNTO REPARACION 1981076 ACTUADOR (3) PILOTAJE MANDO CAT 236BCG13,PENDIENTE,
22386-CONJUNTO REPARACION 2031100 ACTUADOR (1) PILOTAJE MANDO CAT 236BCG13,PENDIENTE,
22642-2K8199 / SELLO ORING / CONTROL DELANTERO / CAT 420F2 - RE42MN16,PENDIENTE,
22642-2K8199 / SELLO ORING / CONTROL DELANTERO / CAT 420F2 - RE42MN11,PENDIENTE,
22689-FUNDA VARILLA MEDIDORA 3564559C3VD15,PENDIENTE,
22689-FUNDA VARILLA MEDIDORA 3564559C3VD10,PENDIENTE,
22783-BP1004 / JUEGO BANDA DE FRENO / SISTEMA FRENO / MAZDA BT50 2013VP32,PENDIENTE,
22823-CUCHILLA 8 HUECOS 9W1878 TOPADORA D6HBZ08,PENDIENTE,
22933-SOPORTE DE MOTOR DELANTERO 1664723C3VD13,PENDIENTE,
22933-SOPORTE DE MOTOR DELANTERO 1664723C3VD123,PENDIENTE,
22933-SOPORTE DE MOTOR DELANTERO 1664723C3VD109,PENDIENTE,
22963-CHUMACERA TENSORA 211 PARA DIAMETRO EJE 2.3/16çTR02,PENDIENTE,
22978-2864080 / EMPAQUE CULATA / MOTOR / CUMMINS ISM320VD123,PENDIENTE,
22980-3883220 / EMPAQUE TAPA VALVULAS / MOTOR / CUMMINS ISM320VD144,PENDIENTE,
23141-MANIJA PUERTA 2505423C1 INTER 7600VD15,PENDIENTE,
23368-VARILLA 3585281C3 INDICADORA NIVEL ACEITE MOTOR ISM320 INTER7600VD26,PENDIENTE,
23368-VARILLA 3585281C3 INDICADORA NIVEL ACEITE MOTOR ISM320 INTER7600VD97,PENDIENTE,
23368-VARILLA 3585281C3 INDICADORA NIVEL ACEITE MOTOR ISM320 INTER7600VD90,PENDIENTE,
23368-VARILLA 3585281C3 INDICADORA NIVEL ACEITE MOTOR ISM320 INTER7600VD15,PENDIENTE,
23568-2720388 / SELLO-EMPAQUE / TAPA VALVULA MOTOR / CAT C7 950HCG23,PENDIENTE,
23731-SELLO ORING 4D9986 CAT MANDOS 416DMN11,PENDIENTE,
23791-AT310587 / VALVULA SOLENOIDE CUERPO 3 SECCIONES / SERVOTRANSMISION / JHON DEER 410JRE41,PENDIENTE,
23792-VALVULA SOLENOIDE AT310584 CUERPO 2 SECCIONES J DEERE 410JRE41,PENDIENTE,
24158-9G0286 / SELLO / SERVOTRANSMISIÓN CAT D6HBZ02,PENDIENTE,
24463-VARILLA GUIA VISUAL BORES BOMPER KENWORTHVD18,PENDIENTE,
24463-VARILLA GUIA VISUAL BORES BOMPER KENWORTHVD113,PENDIENTE,
24463-VARILLA GUIA VISUAL BORES BOMPER KENWORTHVD109,PENDIENTE,
24463-VARILLA GUIA VISUAL BORES BOMPER KENWORTHVD104,PENDIENTE,
24463-VARILLA GUIA VISUAL BORES BOMPER KENWORTHVD140,PENDIENTE,
24463-VARILLA GUIA VISUAL BORES BOMPER KENWORTHVD89,PENDIENTE,
24518-B110 / CORREA / TAMBOR SECADOR / PA05PA05,PENDIENTE,
24683-FULK4148 / SENSOR VELOCIDAD / SISTEMA ELECTRICO / INTERNATIONAL- KENWORTHVD106,PENDIENTE,
24683-FULK4148 / SENSOR VELOCIDAD / SISTEMA ELECTRICO / INTERNATIONAL- KENWORTHVD125,PENDIENTE,
24715-RODAMIENTO NU 316PA05,PENDIENTE,
24807-4921477 / SENSOR PRESION ACEITE / MOTOR / INTERNATIONALVD15,PENDIENTE,
24854-TERMOENCOGIBLE 1çCO39,PENDIENTE,
24854-TERMOENCOGIBLE 1çCO55,PENDIENTE,
24872-VOE12732300 BUJE METALICO DESLIZANTE PALA VOLVO G930MN12,PENDIENTE,
24872-VOE12732300 BUJE METALICO DESLIZANTE PALA VOLVO G930MN14,PENDIENTE,
24901-CORREA VENTILADOR 2534531 CATCG35,PENDIENTE,
25220-KIT CILINDRO PUERTA/STARTE 3546619C91VD112,PENDIENTE,
25220-KIT CILINDRO PUERTA/STARTE 3546619C91VD95,PENDIENTE,
25220-KIT CILINDRO PUERTA/STARTE 3546619C91VD139,PENDIENTE,
25332-6253051090 / KIT EMBRAGUE DISCO DE PRENSA Y BALINERA / TRANSMISION / MAZDA BT50 2013VP32,PENDIENTE,
25332-6253051090 / KIT EMBRAGUE DISCO DE PRENSA Y BALINERA / TRANSMISION / MAZDA BT50 2013VP37,PENDIENTE,
25332-6253051090 / KIT EMBRAGUE DISCO DE PRENSA Y BALINERA / TRANSMISION / MAZDA BT50 2013VP30,PENDIENTE,
25332-6253051090 / KIT EMBRAGUE DISCO DE PRENSA Y BALINERA / TRANSMISION / MAZDA BT50 2013VP31,PENDIENTE,
"25479-STOP LED REDONDO 4"" CON SOPORTE CAUCHO ROJOCB04",PENDIENTE,
26486-CUCHILLA 9W8215 CAT 420FRE24,PENDIENTE,
26486-CUCHILLA 9W8215 CAT 420FRE43,PENDIENTE,
26523-LOCTITE 515 X 50ML REEMPLAZA EMPAQUES TRADICIONALES DE PAPEL FIBRA O CORCHOMN10,PENDIENTE,
26787-L153002 / ANILLO DE PISTON / SERVOTRANSMISION / JHON DEER 410JRE41,PENDIENTE,
26788-T172118 / ANILLO DE PISTON / SERVOTRANSMISION / JHON DEER 410JRE41,PENDIENTE,
26793-RETENEDOR ACEITE AT179316RE41,PENDIENTE,
26794-AT179466 / RETENEDOR DE ACEITE / SERVOTRANSMISIÓN / JHON DEER 410JRE41,PENDIENTE,
27471-GANCHO L56-0001-Z CAUCHO CAPO KENWORTH T800.VD53,PENDIENTE,
27717-EJE DELANTERO 68KH414 DERECHO MACK GRANITE 8 AGUJEROS 43 ESTRIASVT30,PENDIENTE,
27778-U20215171 / TERMOSTATO ORIGINAL / MOTOR / MAZDA - BT50 - VP35VP37,PENDIENTE,
27908-RETENEDOR EJE DE LAVAS ISM MOTOR CU MMINS 3804304VD109,PENDIENTE,
27908-RETENEDOR EJE DE LAVAS ISM MOTOR CU MMINS 3804304VD131,PENDIENTE,
28132-2882145/BOMBA DE AGUA/ MOTOR CUMMINS ISM DOBLETROQUE/INTERNACIONAL 7600 6X4VD100,PENDIENTE,
28132-2882145/BOMBA DE AGUA/ MOTOR CUMMINS ISM DOBLETROQUE/INTERNACIONAL 7600 6X4VD144,PENDIENTE,
28817-4780963 / 184062 / CH19631 / ROTULA 70 mm INFERIOR BIELA / TORNAMESA / VOLVO G930 - MN15MN14,PENDIENTE,
28817-4780963 / 184062 / CH19631 / ROTULA 70 mm INFERIOR BIELA / TORNAMESA / VOLVO G930 - MN15MN15,PENDIENTE,
28817-4780963 / 184062 / CH19631 / ROTULA 70 mm INFERIOR BIELA / TORNAMESA / VOLVO G930 - MN15MN12,PENDIENTE,
28910-KPF303R / PORTAPUNTA / ROTOR KENNAMETAL / ROADTEC RX600RC05,PENDIENTE,
28940-RETENEDOR 8E6258 DIENTE BALDE KOBELCO SK140RE50,PENDIENTE,
28940-RETENEDOR 8E6258 DIENTE BALDE KOBELCO SK140RE46,PENDIENTE,
28940-RETENEDOR 8E6258 DIENTE BALDE KOBELCO SK140RE51,PENDIENTE,
28940-RETENEDOR 8E6258 DIENTE BALDE KOBELCO SK140RE41,PENDIENTE,
28940-RETENEDOR 8E6258 DIENTE BALDE KOBELCO SK140RE47,PENDIENTE,
28940-RETENEDOR 8E6258 DIENTE BALDE KOBELCO SK140RE48,PENDIENTE,
28940-RETENEDOR 8E6258 DIENTE BALDE KOBELCO SK140RE19,PENDIENTE,
28940-RETENEDOR 8E6258 DIENTE BALDE KOBELCO SK140RE43,PENDIENTE,
29009-410457 / CODO 90º C DN 117 / TUBERIA / AC01AC01,PENDIENTE,
29010-CODO PUTZMEISTER 90° (261402007)AC01,PENDIENTE,
29014-TUBO 10004349 DN FLANCHE PLANO 125MM x 3MTAC01,PENDIENTE,
29240-3549776C5 / CARCASA SWICHE 4300 / ELECTRICO / INTER - 4300VD13,PENDIENTE,
29240-3549776C5 / CARCASA SWICHE 4300 / ELECTRICO / INTER - 4300VD108,PENDIENTE,
29240-3549776C5 / CARCASA SWICHE 4300 / ELECTRICO / INTER - 4300VD127,PENDIENTE,
"29246-CODO TUBO SK125/5,5X 45º P/N 530217AC01",PENDIENTE,
29496-RETENEDOR DE EJE TROQUE DELANTERO L110233 JD 410JRE17,PENDIENTE,
29497-RETENEDOR DE PUNTA EJE DELANTERO AL79951 JD 410JRE17,PENDIENTE,
29527-BISEL EXTERIOR CHAPA PUERTA DERECHA 3576483C2 INTER 7600VD104,PENDIENTE,
29531-RETENEDOR EJE TRASERO A11205X2728 DIFERENCIAL INTER 7600VT31,PENDIENTE,
29625-STOP TRASERO IZQUIERDO MAZDA BT50 MODELO 2015VP34,PENDIENTE,
29625-STOP TRASERO IZQUIERDO MAZDA BT50 MODELO 2015VP37,PENDIENTE,
29692-2444P803 / GRASERA 5/8 TENSOR CADENA KOBELCO / TREN DE RODAJE / KOBELCO SK350-RE35RE29,PENDIENTE,
29800-LS52S00015P1 / SENSOR PRESION DE ALTA / SISTEMA HIDRAULICO / KOBELCO SK350RE35,PENDIENTE,
29800-LS52S00015P1 / SENSOR PRESION DE ALTA / SISTEMA HIDRAULICO / KOBELCO SK350RE18,PENDIENTE,
29800-LS52S00015P1 / SENSOR PRESION DE ALTA / SISTEMA HIDRAULICO / KOBELCO SK350RE28,PENDIENTE,
29819-EMPAQUE TUBERIA 10002526AC01,PENDIENTE,
30095-TRANSMISOR TEMPERATURA 2979314 CATMN10,PENDIENTE,
30119-CUCHILLA CATERPILLAR 9J3657MN13,PENDIENTE,
30120-ESQUINERA CATERPILLAR 8E5529MN13,PENDIENTE,
30133-SWITCH PRESION ACEITE MOTOR ATLAS COPCO XAS185 1310033041CP13,PENDIENTE,
30217-10006251 / EMPAQUE TUBERIA MACHO-HEMBRA / TUBERIA / BOMBA PUTZMEISTERAC01,PENDIENTE,
30217-10006251 / EMPAQUE TUBERIA MACHO-HEMBRA / TUBERIA / BOMBA PUTZMEISTERBC01,PENDIENTE,
30448-T158742 (T229466) / ANILLO / SERVOTRANSMISION / JHON DEER 410JRE41,PENDIENTE,
30511-VALVULA CONTROL ALTURA SUSPENSION CABINA 2507385C1VD98,PENDIENTE,
30511-VALVULA CONTROL ALTURA SUSPENSION CABINA 2507385C1VD15,PENDIENTE,
30578-TANQUE SOBRE FLUJO 2591790C1 WORK STARVD96,PENDIENTE,
30662-CRUCETA CARDAN S-C474 1810 INTER 7600VD136,PENDIENTE,
30761-3558241C91/BARRA CORTA LH/DIRECCION/INTERNATIONAL 7600VD15,PENDIENTE,
30998-SPROKER 10T 15 BOLT PARTE NUMERO ASTEC DC 00045A01PA05,PENDIENTE,
"31092-LAMPARA EXPLORADORA 2"" NW 1550USA CUADRADA LED 12-24VRE33",PENDIENTE,
"31092-LAMPARA EXPLORADORA 2"" NW 1550USA CUADRADA LED 12-24VMX05",PENDIENTE,
"31092-LAMPARA EXPLORADORA 2"" NW 1550USA CUADRADA LED 12-24VRC02",PENDIENTE,
31248-VHS112131880 / EMPAQUE TAPA VALVULAS / MOTOR / SK350LCRE18,PENDIENTE,
31248-VHS112131880 / EMPAQUE TAPA VALVULAS / MOTOR / SK350LCRE38,PENDIENTE,
31398-TAPA RADIADOR YN05P00010S006 HINO J08E KOBELCO SK350RE18,PENDIENTE,
31529-PASADOR DIENTE R09244-03036RE36,PENDIENTE,
31561-1010509 / SELLO INTEGRAL / VALVULA GP / CAT 120H MN16MN16,PENDIENTE,
31561-1010509 / SELLO INTEGRAL / VALVULA GP / CAT 120H MN16MN11,PENDIENTE,
31579-STRIP WEAR 1781685 CATMN11,PENDIENTE,
31856-BASE 7T3354 PARA DIENTERE21,PENDIENTE,
31856-BASE 7T3354 PARA DIENTERE26,PENDIENTE,
31857-DIENTE 9N4350/ PARA BALDERE21,PENDIENTE,
31857-DIENTE 9N4350/ PARA BALDERE33,PENDIENTE,
31857-DIENTE 9N4350/ PARA BALDECG25,PENDIENTE,
31857-DIENTE 9N4350/ PARA BALDERE31,PENDIENTE,
31857-DIENTE 9N4350/ PARA BALDERE32,PENDIENTE,
31857-DIENTE 9N4350/ PARA BALDERE30,PENDIENTE,
31857-DIENTE 9N4350/ PARA BALDERE23,PENDIENTE,
31858-PASADOR 8E6358 DIENTERE21,PENDIENTE,
31858-PASADOR 8E6358 DIENTERE33,PENDIENTE,
31858-PASADOR 8E6358 DIENTERE23,PENDIENTE,
31858-PASADOR 8E6358 DIENTERE50,PENDIENTE,
31858-PASADOR 8E6358 DIENTERE51,PENDIENTE,
31858-PASADOR 8E6358 DIENTECG25,PENDIENTE,
31858-PASADOR 8E6358 DIENTERE32,PENDIENTE,
31858-PASADOR 8E6358 DIENTERE31,PENDIENTE,
31858-PASADOR 8E6358 DIENTERE30,PENDIENTE,
31918-DISCO PULIR METAL 1/4 X 4-1/2 MINIPULIDORACG24,PENDIENTE,
32059-9M9647 / SELLO ORING / SERVOTRANSMISIÓN / CAT D6HBZ02,PENDIENTE,
32412-XCKJ10541H7 / SWITCH / FINAL DE CARRERA / TELEMECANIQUEPA05,PENDIENTE,
32469-LAMPARA DE HALURO METÁLICO CO7266 1000 W KAESERPI15,PENDIENTE,
32469-LAMPARA DE HALURO METÁLICO CO7266 1000 W KAESERPI14,PENDIENTE,
32583-CODO 90° 10010479AC01,PENDIENTE,
32608-3007933 / EMPAQUE BASE ENFRIADOR DE ACEITE / MOTOR / CAT 324DRE23,PENDIENTE,
32611-YN40F01024D4 / SELLO INFERIOR-SUPERIOR / TORNAMESA / KOBELCO SK 210/350RE29,PENDIENTE,
32611-YN40F01024D4 / SELLO INFERIOR-SUPERIOR / TORNAMESA / KOBELCO SK 210/350RE36,PENDIENTE,
32857-3628136/BUMPER LH/CAT 420FRE42,PENDIENTE,
32857-3628136/BUMPER LH/CAT 420FRE40,PENDIENTE,
32857-3628136/BUMPER LH/CAT 420FRE24,PENDIENTE,
32858-3628135/BUMPER RH/CAT 420 FRE42,PENDIENTE,
32858-3628135/BUMPER RH/CAT 420 FRE40,PENDIENTE,
32858-3628135/BUMPER RH/CAT 420 FRE24,PENDIENTE,
32889-SELLO CAT 1240506TR10,PENDIENTE,
32915-1U1553 (LC61B01259P1J1A) / BASE DIENTE / BALDE / KOBELCO SK350LC RE38-RE39RE38,PENDIENTE,
32915-1U1553 (LC61B01259P1J1A) / BASE DIENTE / BALDE / KOBELCO SK350LC RE38-RE39RE27,PENDIENTE,
32915-1U1553 (LC61B01259P1J1A) / BASE DIENTE / BALDE / KOBELCO SK350LC RE38-RE39RE39,PENDIENTE,
32915-1U1553 (LC61B01259P1J1A) / BASE DIENTE / BALDE / KOBELCO SK350LC RE38-RE39RE37,PENDIENTE,
33110-VALVULA SR-7 FRENO 8900205R91 INTER 7600VD27,PENDIENTE,
33124-CRUCETA CARDAN DELANTERO JHON DEERE 410J P/N AT178387RE19,PENDIENTE,
33124-CRUCETA CARDAN DELANTERO JHON DEERE 410J P/N AT178387RE17,PENDIENTE,
33203-BOMBONA 2591909C2 SUSPENSION CABINA INTERNATIONAL 7600VT33,PENDIENTE,
33307-SOBRE-ESQUINERA 12745115 VOLVO G930MN14,PENDIENTE,
33450-TUBO FLANCHE PLANO 5.5 X 3.411 BOMBA PUTZMEISTERAC01,PENDIENTE,
33487-BRAZO PLUMILLA IZQUIERDA R23102922 KENWORTH T800VT39,PENDIENTE,
33572-GUAYA ANTILATIGO PARA COMPRESOR 1/8 X 50CM P1254CP16,PENDIENTE,
"33610-TUBO REDUCTOR 435338 150/125MM X 1,200MMAC01",PENDIENTE,
33667-A5000 / VALVULA GAMA / TRANSMISION / EATON RS918VT31,PENDIENTE,
33802-VARILLA CORREDIZO 4304615 CAJA DE VELOCIDADES EATON RS918VT36,PENDIENTE,
33802-VARILLA CORREDIZO 4304615 CAJA DE VELOCIDADES EATON RS918VT32,PENDIENTE,
33905-GANCHO PARA CADENA ESLABONADA DE 3/8ç CARGA 2TON CERTIFICADOCB06,PENDIENTE,
33905-GANCHO PARA CADENA ESLABONADA DE 3/8ç CARGA 2TON CERTIFICADOCB05,PENDIENTE,
"33912-REFLECTOR LED 300 W LARGO 48,5 CM X ALTO 31,5 CMPI18",PENDIENTE,
"33912-REFLECTOR LED 300 W LARGO 48,5 CM X ALTO 31,5 CMPI21",PENDIENTE,
"33912-REFLECTOR LED 300 W LARGO 48,5 CM X ALTO 31,5 CMPI14",PENDIENTE,
"33912-REFLECTOR LED 300 W LARGO 48,5 CM X ALTO 31,5 CMPI15",PENDIENTE,
34115-N/A / CELDA DE CARGA TIPO S BAJA 200 KG SA -200 / TRANSPORTADOR ALIMENTADOR / PA04PA05,PENDIENTE,
34260-BOMBA FRENO 8980069420JP CHEVROLET DMAX 2.5/3.0 4X4VP21,PENDIENTE,
34425-BOMBA 3604375C1 TANQUE AGUA LIMPIA PARABRISAS INTERVD100,PENDIENTE,
34425-BOMBA 3604375C1 TANQUE AGUA LIMPIA PARABRISAS INTERVD21,PENDIENTE,
34563-AMORTIGUADOR DELANTERO B711001 (ATS 665858-40Y) KENWORTH T800VD83,PENDIENTE,
34563-AMORTIGUADOR DELANTERO B711001 (ATS 665858-40Y) KENWORTH T800VT38,PENDIENTE,
34656-MODULO AIRE CAJA DE VELOCIDADES FULK3245 INTERVD15,PENDIENTE,
34738-2198001 (2682808) / PORTAPUNTAS HT22 / ROTOR / W150FRC07,PENDIENTE,
34855-DIENTE 1U3252RC PARA BALDERE50,PENDIENTE,
34855-DIENTE 1U3252RC PARA BALDERE46,PENDIENTE,
34855-DIENTE 1U3252RC PARA BALDERE51,PENDIENTE,
34855-DIENTE 1U3252RC PARA BALDERE41,PENDIENTE,
34855-DIENTE 1U3252RC PARA BALDERE47,PENDIENTE,
34855-DIENTE 1U3252RC PARA BALDERE48,PENDIENTE,
34855-DIENTE 1U3252RC PARA BALDERE45,PENDIENTE,
34855-DIENTE 1U3252RC PARA BALDERE19,PENDIENTE,
34855-DIENTE 1U3252RC PARA BALDERE43,PENDIENTE,
34904-EMPAQUETADURA CARTER 2759884FS11,PENDIENTE,
35015-D881171447 / GRASERA / LUBRICACIÓN / DYNAPAC SD2500C FSFS12,PENDIENTE,
35053-EMBRAGUE 15-1/2 C10892582AM INTERVD116,PENDIENTE,
35053-EMBRAGUE 15-1/2 C10892582AM INTERVD125,PENDIENTE,
35053-EMBRAGUE 15-1/2 C10892582AM INTERVD27,PENDIENTE,
35053-EMBRAGUE 15-1/2 C10892582AM INTERVD141,PENDIENTE,
35053-EMBRAGUE 15-1/2 C10892582AM INTERVD98,PENDIENTE,
35620-RUST CONVERTER CRCPA05,PENDIENTE,
35624-SOLENOIDE APAGADO 1089070214 XAS 185JD7CP13,PENDIENTE,
35742-REATA CON RACHET DE 2ç X 8.23 MTRPT02,PENDIENTE,
35829-STOP 8981253983 DERECHO CHEVROLET DMAX 2015VP42,PENDIENTE,
35850-BOMBONA TRASERA HD67234002 INTER PROSTARVT32,PENDIENTE,
36278-SENSOR POSICION ISX 4921599VT36,PENDIENTE,
36438-84306337 / LAMPARA TRABAJO TRASERA / SISTEMA ELECTRICO / CASE SR200 CG32CG32,PENDIENTE,
36439-RIN DE DISCO 10 HUECOS 12R X 22.5VD58,PENDIENTE,
36439-RIN DE DISCO 10 HUECOS 12R X 22.5VT26,PENDIENTE,
36439-RIN DE DISCO 10 HUECOS 12R X 22.5VD141,PENDIENTE,
36439-RIN DE DISCO 10 HUECOS 12R X 22.5VD21,PENDIENTE,
36439-RIN DE DISCO 10 HUECOS 12R X 22.5VD43,PENDIENTE,
36439-RIN DE DISCO 10 HUECOS 12R X 22.5VD13,PENDIENTE,
36439-RIN DE DISCO 10 HUECOS 12R X 22.5VT38,PENDIENTE,
36439-RIN DE DISCO 10 HUECOS 12R X 22.5VT34,PENDIENTE,
36439-RIN DE DISCO 10 HUECOS 12R X 22.5VT33,PENDIENTE,
36439-RIN DE DISCO 10 HUECOS 12R X 22.5VT31,PENDIENTE,
36439-RIN DE DISCO 10 HUECOS 12R X 22.5VT39,PENDIENTE,
36439-RIN DE DISCO 10 HUECOS 12R X 22.5VD129,PENDIENTE,
36590-KIT SELLO CIGÛEÑAL DELANTERO ISM 4955665VD109,PENDIENTE,
36590-KIT SELLO CIGÛEÑAL DELANTERO ISM 4955665VD15,PENDIENTE,
36590-KIT SELLO CIGÛEÑAL DELANTERO ISM 4955665VD131,PENDIENTE,
36661-DISCO DE FRENO 1728173 CATCG19,PENDIENTE,
36662-PLATO DE FRENO 2681923 CATCG19,PENDIENTE,
36664-AT179596 / YOKE / TRANSMISION / JHON DEER 410J RE19RE19,PENDIENTE,
36755-KIT SELLOS CILINDRO BRAZO SK350 LC01V00054R30MJ3VRE37,PENDIENTE,
36961-SELLO ORING MONTAJE BOMBA ACEITE JDEERE 410J T229393RE41,PENDIENTE,
37022-VALVULA SOLENOIDE 2748041 CA 420FRE42,PENDIENTE,
37279-RK35107296 KIT DE MORDAZA PARA QUINTA RUEDA DE 55 LIBRAS HOLLAND FW35- 8009T3LVT38,PENDIENTE,
37279-RK35107296 KIT DE MORDAZA PARA QUINTA RUEDA DE 55 LIBRAS HOLLAND FW35- 8009T3LVT37,PENDIENTE,
37279-RK35107296 KIT DE MORDAZA PARA QUINTA RUEDA DE 55 LIBRAS HOLLAND FW35- 8009T3LVT40,PENDIENTE,
37279-RK35107296 KIT DE MORDAZA PARA QUINTA RUEDA DE 55 LIBRAS HOLLAND FW35- 8009T3LVT34,PENDIENTE,
37337-4089542 KIT RETENEDOR TRASERO CIGUEÑAL ISMVD68,PENDIENTE,
37337-4089542 KIT RETENEDOR TRASERO CIGUEÑAL ISMVD12,PENDIENTE,
37337-4089542 KIT RETENEDOR TRASERO CIGUEÑAL ISMVD27,PENDIENTE,
37337-4089542 KIT RETENEDOR TRASERO CIGUEÑAL ISMVD141,PENDIENTE,
37337-4089542 KIT RETENEDOR TRASERO CIGUEÑAL ISMVD98,PENDIENTE,
37373-3610421C92 EXTENSION LATERAL TRASERA DERECHA CAPO INTERVD10,PENDIENTE,
"37496-GRAPA COLGANTE PARA TUBERIA CONDUIT DE 1""TR02",PENDIENTE,
37506-10516526 AUTOMATICO AUXILIAR 12V INTERNATIONAL PROSTARVT41,PENDIENTE,
37507-2264346 PERNO RUEDA DELANTERA CATRE40,PENDIENTE,
37510-4812024563 CONTROL REMOTO DS2500C DYNAPACFS12,PENDIENTE,
37510-4812024563 CONTROL REMOTO DS2500C DYNAPACFS14,PENDIENTE,
37576-C81-1005 / BOMBONA DE SUSPENSION TRASERA / KENWORTH VT39VT38,PENDIENTE,
37728-KISX493509400/KIT BOMBA DE TRANSFERENCIA/MOTOR ISX/VT32VT34,PENDIENTE,
37728-KISX493509400/KIT BOMBA DE TRANSFERENCIA/MOTOR ISX/VT32VT36,PENDIENTE,
37734-NA / ESMALTE AMARILLO YEMA PINTUCO 3 EN 1 / NA / NAVR16,PENDIENTE,
37734-NA / ESMALTE AMARILLO YEMA PINTUCO 3 EN 1 / NA / NACB08,PENDIENTE,
37768-ESMALTE NEGRO PINTUCO 3 EN 1PA05,PENDIENTE,
37803-1991223/CRUCETA CRADAN DELANTERO/CAT 420F2 RE40RE40,PENDIENTE,
37936-WAP102/S-4C78/BOMBA HIDRAULICA/LEVANTE DEL VOLCO ACOPLE DIRECTO/VT38VD15,PENDIENTE,
37936-WAP102/S-4C78/BOMBA HIDRAULICA/LEVANTE DEL VOLCO ACOPLE DIRECTO/VT38VD116,PENDIENTE,
37936-WAP102/S-4C78/BOMBA HIDRAULICA/LEVANTE DEL VOLCO ACOPLE DIRECTO/VT38VD98,PENDIENTE,
37936-WAP102/S-4C78/BOMBA HIDRAULICA/LEVANTE DEL VOLCO ACOPLE DIRECTO/VT38VT37,PENDIENTE,
37969-PLACA VEHICULAR(SEGÚN TARJETA DE TRANSITO)VD93,PENDIENTE,
37969-PLACA VEHICULAR(SEGÚN TARJETA DE TRANSITO)VD62,PENDIENTE,
37969-PLACA VEHICULAR(SEGÚN TARJETA DE TRANSITO)VD84,PENDIENTE,
37969-PLACA VEHICULAR(SEGÚN TARJETA DE TRANSITO)VD39,PENDIENTE,
37969-PLACA VEHICULAR(SEGÚN TARJETA DE TRANSITO)CA04,PENDIENTE,
37969-PLACA VEHICULAR(SEGÚN TARJETA DE TRANSITO)CA05,PENDIENTE,
37969-PLACA VEHICULAR(SEGÚN TARJETA DE TRANSITO)VD118,PENDIENTE,
37969-PLACA VEHICULAR(SEGÚN TARJETA DE TRANSITO)VD51,PENDIENTE,
37969-PLACA VEHICULAR(SEGÚN TARJETA DE TRANSITO)VD78,PENDIENTE,
37969-PLACA VEHICULAR(SEGÚN TARJETA DE TRANSITO)VD131,PENDIENTE,
37969-PLACA VEHICULAR(SEGÚN TARJETA DE TRANSITO)VD29,PENDIENTE,
37969-PLACA VEHICULAR(SEGÚN TARJETA DE TRANSITO)VT30,PENDIENTE,
37969-PLACA VEHICULAR(SEGÚN TARJETA DE TRANSITO)VT35,PENDIENTE,
37969-PLACA VEHICULAR(SEGÚN TARJETA DE TRANSITO)VD50,PENDIENTE,
37969-PLACA VEHICULAR(SEGÚN TARJETA DE TRANSITO)VP37,PENDIENTE,
37969-PLACA VEHICULAR(SEGÚN TARJETA DE TRANSITO)VP31,PENDIENTE,
37969-PLACA VEHICULAR(SEGÚN TARJETA DE TRANSITO)VT33,PENDIENTE,
37969-PLACA VEHICULAR(SEGÚN TARJETA DE TRANSITO)VD54,PENDIENTE,
37969-PLACA VEHICULAR(SEGÚN TARJETA DE TRANSITO)VD25,PENDIENTE,
37969-PLACA VEHICULAR(SEGÚN TARJETA DE TRANSITO)PT02,PENDIENTE,
37969-PLACA VEHICULAR(SEGÚN TARJETA DE TRANSITO)VD98,PENDIENTE,
37969-PLACA VEHICULAR(SEGÚN TARJETA DE TRANSITO)VD83,PENDIENTE,
37969-PLACA VEHICULAR(SEGÚN TARJETA DE TRANSITO)VT39,PENDIENTE,
37969-PLACA VEHICULAR(SEGÚN TARJETA DE TRANSITO)CB08,PENDIENTE,
37969-PLACA VEHICULAR(SEGÚN TARJETA DE TRANSITO)VD92,PENDIENTE,
37969-PLACA VEHICULAR(SEGÚN TARJETA DE TRANSITO)VR34,PENDIENTE,
37969-PLACA VEHICULAR(SEGÚN TARJETA DE TRANSITO)VD70,PENDIENTE,
37969-PLACA VEHICULAR(SEGÚN TARJETA DE TRANSITO)VD64,PENDIENTE,
37969-PLACA VEHICULAR(SEGÚN TARJETA DE TRANSITO)VD48,PENDIENTE,
37988-YN53C01003S002/PLUMILLA LIMPIABRISAS/KOBELCO SK210 SK350RE18,PENDIENTE,
37988-YN53C01003S002/PLUMILLA LIMPIABRISAS/KOBELCO SK210 SK350RE25,PENDIENTE,
37988-YN53C01003S002/PLUMILLA LIMPIABRISAS/KOBELCO SK210 SK350RE33,PENDIENTE,
37988-YN53C01003S002/PLUMILLA LIMPIABRISAS/KOBELCO SK210 SK350RE52,PENDIENTE,
38401-1615783102 / PERA TEMPERATURA / UNIDAD COMPRESORA / XAS185CP13,PENDIENTE,
55470-FUNDICION DE BRAZO PARA MEZCLADORPA05,PENDIENTE,
60146-4812060519 / RESISTENCIA PLANCHA / SISTEMA ELECTRICO / SD2500FS13,PENDIENTE,
60161-DONM100582LA / MOFLE 5X5 KW REFORZADO / EXOSTO / VT33VT32,PENDIENTE,
60749-35800 / BATERIA MAC 35-750M / ELECTRICO / CA08CA07,PENDIENTE,
61078-1U3202 / DIENTE / BALDE ZANJERO / N/ARE45,PENDIENTE,
61080-1386552 - 1U3552 / PUNTA CUCHARON J550 / CUCHARON / KOBELCO SK 350RE38,PENDIENTE,
61080-1386552 - 1U3552 / PUNTA CUCHARON J550 / CUCHARON / KOBELCO SK 350RE18,PENDIENTE,
61080-1386552 - 1U3552 / PUNTA CUCHARON J550 / CUCHARON / KOBELCO SK 350RE37,PENDIENTE,
61080-1386552 - 1U3552 / PUNTA CUCHARON J550 / CUCHARON / KOBELCO SK 350RE27,PENDIENTE,
61081-8E5559 / SEGURO DIENTE / BALDE / N/ARE38,PENDIENTE,
61081-8E5559 / SEGURO DIENTE / BALDE / N/ARE18,PENDIENTE,
61081-8E5559 / SEGURO DIENTE / BALDE / N/ARE37,PENDIENTE,
61081-8E5559 / SEGURO DIENTE / BALDE / N/ARE27,PENDIENTE,
61081-8E5559 / SEGURO DIENTE / BALDE / N/ARE26,PENDIENTE,
61082-6Y8558 / PIN DIENTE / BALDE / N/ARE35,PENDIENTE,
61082-6Y8558 / PIN DIENTE / BALDE / N/ARE38,PENDIENTE,
61082-6Y8558 / PIN DIENTE / BALDE / N/ARE18,PENDIENTE,
61082-6Y8558 / PIN DIENTE / BALDE / N/ARE37,PENDIENTE,
61082-6Y8558 / PIN DIENTE / BALDE / N/ARE27,PENDIENTE,
61082-6Y8558 / PIN DIENTE / BALDE / N/ARE26,PENDIENTE,
61454-027604 / ARNES SALIDA TRASNDUCTORES / ELECTRICO / GT200 - TR07TR07,PENDIENTE,
62079-2073626/VENTILADOR 7 ALETAS HAMN/MOTOR/DEUTZ HD90V TCD2012L042VCO34,PENDIENTE,
62177-99692/TERMOBACKING COMPOUND MAS CATALIZADOR X 2 GAL O 10.8 KG/NA/NATR02,PENDIENTE,
62229-993-99189 / CUCHILLA / BALDE / 3CX JCBRE48,PENDIENTE,
62543-83025 / AMORTIGUADOR / CABINA / KENWORTH T800 - VT36VT36,PENDIENTE,
62543-83025 / AMORTIGUADOR / CABINA / KENWORTH T800 - VT36VT34,PENDIENTE,
62609-44649/10 / RODILLO / EJE RUEDA / ATLAS COPCO - CP14DA01,PENDIENTE,
62650-AT444943 / RETENEDOR / SERVOTRANSMISION / JOHN DEER 410J RE41RE41,PENDIENTE,
62790-N/A / IMPERMEABILIZANTE COVER CRYL BASE AGUA POR 1/4 GL / N/A / N/APA05,PENDIENTE,
62791-110 / CANDADO ITALIANO LATON MEDIANO X 40 MM / N/A / N/APE11,PENDIENTE,
"62819-FLTSCOC560 / PUNTA 5"" DIAMETRO - 60"" LONGITUD / EXOSTO / INTER PROSTAR - VT31VT32",PENDIENTE,
62842-N/A / BARRA CROMADA DIAMETRO 25 MM X 1 MT / ESTRUCTURA / GENERALDC01,PENDIENTE,
62847-4352144 / EMPAQUETADURA SUPERIOR / MOTOR / KENWORTH T800 - VT39 - ORIGINALVT32,PENDIENTE,
62847-4352144 / EMPAQUETADURA SUPERIOR / MOTOR / KENWORTH T800 - VT39 - ORIGINALVT39,PENDIENTE,
62895-2RL006846 / LICUADORA TIPO FLOR 24 V / LUCES / WIRTGEN W150CF - RC07RC07,PENDIENTE,
62895-2RL006846 / LICUADORA TIPO FLOR 24 V / LUCES / WIRTGEN W150CF - RC07RC03,PENDIENTE,
62895-2RL006846 / LICUADORA TIPO FLOR 24 V / LUCES / WIRTGEN W150CF - RC07RC04,PENDIENTE,
63022-3926301 / CRUCETA / TRANSMISION / CAT 430 F2 - RE40RE43,PENDIENTE,
63209-84371064 / AMORTIGUADOR DE GAS / CABINA / CASE SR200CG36,PENDIENTE,
63209-84371064 / AMORTIGUADOR DE GAS / CABINA / CASE SR200CG31,PENDIENTE,
63226-N/A / HOROMETRO MARCA VEETHREE MECANICO / ELECTRICO / N/ACO54,PENDIENTE,
63414-BX80182 / VALVULA CONTROL MV3 FRENO PARQUEO / SISTEMA FRENOS / VT31VT38,PENDIENTE,
63414-BX80182 / VALVULA CONTROL MV3 FRENO PARQUEO / SISTEMA FRENOS / VT31VT34,PENDIENTE,
63442-1U3302R / 5395738 /DIENTE BALDE (ROCKERO) / BALDE / KOBELCO SK140LC RE28RE28,PENDIENTE,
63442-1U3302R / 5395738 /DIENTE BALDE (ROCKERO) / BALDE / KOBELCO SK140LC RE28RE52,PENDIENTE,
63507-NS60ZL750MG / BATERIA MAC / ELECTRICO / ATLAS COPCO PI18PI23,PENDIENTE,
63507-NS60ZL750MG / BATERIA MAC / ELECTRICO / ATLAS COPCO PI18PI21,PENDIENTE,
63507-NS60ZL750MG / BATERIA MAC / ELECTRICO / ATLAS COPCO PI18PI18,PENDIENTE,
63507-NS60ZL750MG / BATERIA MAC / ELECTRICO / ATLAS COPCO PI18EM PE01,PENDIENTE,
63619-40106 / BOMBA ELECTRICA FACET METALICA / SISTEMA COMBUSTIBLE / PECG27,PENDIENTE,
63619-40106 / BOMBA ELECTRICA FACET METALICA / SISTEMA COMBUSTIBLE / PECP17,PENDIENTE,
63619-40106 / BOMBA ELECTRICA FACET METALICA / SISTEMA COMBUSTIBLE / PECO36,PENDIENTE,
63619-40106 / BOMBA ELECTRICA FACET METALICA / SISTEMA COMBUSTIBLE / PECP20,PENDIENTE,
63619-40106 / BOMBA ELECTRICA FACET METALICA / SISTEMA COMBUSTIBLE / PEPI20,PENDIENTE,
63619-40106 / BOMBA ELECTRICA FACET METALICA / SISTEMA COMBUSTIBLE / PEIR03,PENDIENTE,
63619-40106 / BOMBA ELECTRICA FACET METALICA / SISTEMA COMBUSTIBLE / PECG19,PENDIENTE,
63797-47599300 / TAPA LAMPARA / SISTEMA ELECTRICO / CASE SR200CG29,PENDIENTE,
64053-8P-2019 / ANILLO SELLO / SERVOTRANSMISION / CAT D6HBZ02,PENDIENTE,
64053-8P-2019 / ANILLO SELLO / SERVOTRANSMISION / CAT D6HCG25,PENDIENTE,
64227-20Y-32-11321 / ZAPATA EXCAVADORA / TREN DE RODAJE / VOLVO EC240BCLRE21,PENDIENTE,
64228-N/A / KIT ORING SERIE 0 MARCA HERCULES / SELLOS / GENERALRE21,PENDIENTE,
"64715-/ VALVULA BOLA CROMADA NAPOLI 32 - 2"" / SUMINISTRO DE COMBUSTIBLE / TE01TA03",PENDIENTE,
64761-130505048CH / BOLA GOMA / SISTEMA NEUMATICO / TPB60EM MN29,PENDIENTE,
64761-130505048CH / BOLA GOMA / SISTEMA NEUMATICO / TPB60EM MN46,PENDIENTE,
64761-130505048CH / BOLA GOMA / SISTEMA NEUMATICO / TPB60EM MN48,PENDIENTE,
64761-130505048CH / BOLA GOMA / SISTEMA NEUMATICO / TPB60EM MN40,PENDIENTE,
64761-130505048CH / BOLA GOMA / SISTEMA NEUMATICO / TPB60EM MN42,PENDIENTE,
64761-130505048CH / BOLA GOMA / SISTEMA NEUMATICO / TPB60EM MN50,PENDIENTE,
64905-T229406 (8826) / PLATO / SERVOTRANSMISION / JHON DEER 410JRE17,PENDIENTE,
64905-T229406 (8826) / PLATO / SERVOTRANSMISION / JHON DEER 410JRE41,PENDIENTE,
65047-60923 / CONTROL DEL AIRE ACONDICIONADO / CABINA / CHEVROLET DMAX VP42VP47,PENDIENTE,
65063-B96394150-N / PLACA EXTERNA REVERSIBLE VERDE UN SET X 3 UNDS / ROTOR 840DTR / VSI 7150SETR15,PENDIENTE,
65064-B96394150-O / PLACA EXTERNA REVERSIBLE VERDE UN SET X 3 UNDS / ROTOR 840DTR / VSI 7150SETR15,PENDIENTE,
65271-66852 / VIGIA ROTOR / SISTEMA FRESADO / WIRTEN W150RC03,PENDIENTE,
65460-9W8552 / PUNTA CUCHARON J550 / CUCHARON / KOBELCO SK 350RE38,PENDIENTE,
65461-1073378 / PASADOR SEGURO PUNTA CUCHARON J550 / CUCHARON / KOBELCO SK 350RE38,PENDIENTE,
65543-23681-E0040 (23745) / SELLO INYECTORES / MOTOR / KOBELCO SK350 RE35RE35,PENDIENTE,
65566-VOE16021529 / CONTROL DISPLAY / SISTEMA ELECTRICO / VOLCO G930 MN15MN15,PENDIENTE,
65667-62092Z-C3 / RODAMIENTO RIGIDO DE BOLAS CON SELLO MARCA FAG / MOTOR ELECTRICO / GENERALPS01,PENDIENTE,
65667-62092Z-C3 / RODAMIENTO RIGIDO DE BOLAS CON SELLO MARCA FAG / MOTOR ELECTRICO / GENERALPA05,PENDIENTE,
65668-6308ZZ-C3 / RODAMIENTO RIGIDO DE BOLAS DE UNA HILERA MARCA FAG / MOTOR ELECTRICO / GENERALPS01,PENDIENTE,
65668-6308ZZ-C3 / RODAMIENTO RIGIDO DE BOLAS DE UNA HILERA MARCA FAG / MOTOR ELECTRICO / GENERALCD04,PENDIENTE,
65834-2889179 / TAPA DEL MECANISMO DE VALVULA / MOTOR / CAT 950H CG23CG23,PENDIENTE,
65835-4265377 (3638597) / STOP TRASERO / SISTEMA ELECTRICO / CAT 950H CG23CG23,PENDIENTE,
66080-5658287 / CULATA / MOTOS ISX500 / KENWORTH T800 VT39VT39,PENDIENTE,
66084-334/D1062 / EVAPORADOR / SISTEMA AIRE ACONDICIONADO / JCB HD110W RE46RE46,PENDIENTE,
66198-1310427 / SENSOR TEMPERATURA / TRANSMISION / CAT 938GCG14,PENDIENTE,
66242-410241591 / ASIENTO EMPUJADOR / SISTEMA NEUMATICO / EM MN TP60EM MN57,PENDIENTE,
66242-410241591 / ASIENTO EMPUJADOR / SISTEMA NEUMATICO / EM MN TP60EM MN49,PENDIENTE,
66242-410241591 / ASIENTO EMPUJADOR / SISTEMA NEUMATICO / EM MN TP60EM MN55,PENDIENTE,
66242-410241591 / ASIENTO EMPUJADOR / SISTEMA NEUMATICO / EM MN TP60EM MN32,PENDIENTE,
66249-TARJETA RECARGABLE PARA GASOLINA EQUIPOS 0201042891VP50,PENDIENTE,
66521-4248681 / AMORTIGUADOR GAS / CABINA / CAT 420F RE42RE42,PENDIENTE,
66521-4248681 / AMORTIGUADOR GAS / CABINA / CAT 420F RE42RE40,PENDIENTE,
66692-400-15236 / SOLENOIDE / SISTEMA HIDRAULCO / JCB HD110WT RE51RE51,PENDIENTE,
66820-3558242C93 (4392958C91) / BRAZO CORTO DERECHO - SHEPPARD M80 / DIRECCION / INTER -7400VD127,PENDIENTE,
66968-2101634 (2405600) / ACOPLAMIENTO REMANUFACTURADO / SISTEMA HIDRAULICO / WIRTGEN W150 RC04RC04,PENDIENTE,
66968-2101634 (2405600) / ACOPLAMIENTO REMANUFACTURADO / SISTEMA HIDRAULICO / WIRTGEN W150 RC04RC03,PENDIENTE,
67039-TARJETA RECARGABLE / GASOLINA / EQUIPOS VP51 No. 0201274821VP51,PENDIENTE,
67040-TARJETA RECARGABLE / GASOLINA / EQUIPOS VP52 No. 0201274822VP52,PENDIENTE,
67101-11-720 / CONECTOR 7 VIAS HEMBRA / SISTEMA ELECTRICO / VOLCOCB08,PENDIENTE,
67101-11-720 / CONECTOR 7 VIAS HEMBRA / SISTEMA ELECTRICO / VOLCOVT39,PENDIENTE,
67101-11-720 / CONECTOR 7 VIAS HEMBRA / SISTEMA ELECTRICO / VOLCOCB05,PENDIENTE,
67241-4304633 / EJE TREN CORREDIZO / TRANSMISION EATON 14120 / INTER 7600VD98,PENDIENTE,
67245-23B-70-31332 / BRONCES CUCHILLA / ESTRUCTURA / KOMATSU GD555-5 MN17MN17,PENDIENTE,
67246-23B-70-31451 / SHIM / ESTRUCTURA / KOMATSU GD555-5 MN17MN17,PENDIENTE,
67269-KLKR015 / FUSIBLE BUSSMAN TIPO C CON PESTAÑA 15 AMP / ELECTRICO / PA05PA05,PENDIENTE,
67270-KLKR005 / FUSIBLE BUSSMAN TIPO C CON PESTAÑA 5 AMP / ELECTRICO / PA05PA05,PENDIENTE,
67293-218681-01 / ALABE INICIAL DERECHO / SISTEMA DE ARRASTRE DE MATERIAL / CT02CT02,PENDIENTE,
67294-/ MODELO EN MADERA DE ALABE INICIAL (APLICA PARA DERECHO E IZQUIERDO) / SISTEMA DE ARRASTRE DE MATERIAL / CT02CT02,PENDIENTE,
67359-VOE11708996 / CRUCETA / TRANSMISION / VOLVO L110F CG26CG26,PENDIENTE,
67528-3014576 / BOBINA / SISTEMA HIDRAULICO / CAT PS150C CO43CO55,PENDIENTE,
67596-301-1C-S-R1 / RELAY 5 PATAS 12V / SISTEMA ELECTRICO / CASE SR200 CG36VD15,PENDIENTE,
67615-994346 / KIT REPARACION MENOR FAN CLUTCH DMA DOS TIEMPOS / MOTOR / INTER 7600VT34,PENDIENTE,
67615-994346 / KIT REPARACION MENOR FAN CLUTCH DMA DOS TIEMPOS / MOTOR / INTER 7600VT33,PENDIENTE,
67615-994346 / KIT REPARACION MENOR FAN CLUTCH DMA DOS TIEMPOS / MOTOR / INTER 7600VT40,PENDIENTE,
67615-994346 / KIT REPARACION MENOR FAN CLUTCH DMA DOS TIEMPOS / MOTOR / INTER 7600VT41,PENDIENTE,
67616-994349 / KIT REPARACION FRICCION FAN CLUTCH DOS TIEMPOS / MOTOR / INTER 7600VT34,PENDIENTE,
67616-994349 / KIT REPARACION FRICCION FAN CLUTCH DOS TIEMPOS / MOTOR / INTER 7600VT33,PENDIENTE,
67616-994349 / KIT REPARACION FRICCION FAN CLUTCH DOS TIEMPOS / MOTOR / INTER 7600VT40,PENDIENTE,
67616-994349 / KIT REPARACION FRICCION FAN CLUTCH DOS TIEMPOS / MOTOR / INTER 7600VT41,PENDIENTE,
67881-MPW40 / GUARDAMOTOR DE 10 A 16 AMPERIOS 220 V WEG / SISTEMA ELECTRICO / GENERALTR02,PENDIENTE,
67908-204424 / RACOR / SISTEMA DE FRENOS / VTVT33,PENDIENTE,
67972-PR1002/67 / CAJA ESTANCA PVC / SISTEMA ELECTRICO / KAESER PI14PI14,PENDIENTE,
68025-Z559789-01-FAG / RODAMIENTO RIGIDO DE UNA HILERA / FAN CLUTH / INTERNATIONAL 7600VT34,PENDIENTE,
68025-Z559789-01-FAG / RODAMIENTO RIGIDO DE UNA HILERA / FAN CLUTH / INTERNATIONAL 7600VT33,PENDIENTE,
68041-4392956C91 / BRAZO CORTO IZQUIERDO - SHEPPARD M100 / DIRECCION / INTER 7600VD127,PENDIENTE,
68041-4392956C91 / BRAZO CORTO IZQUIERDO - SHEPPARD M100 / DIRECCION / INTER 7600VD99,PENDIENTE,
68091-YN63D00006P2-GN / GUARDA CARRIL / TREN RODAJE / KOBELCO SK210 RE30RE30,PENDIENTE,
68091-YN63D00006P2-GN / GUARDA CARRIL / TREN RODAJE / KOBELCO SK210 RE30RE33,PENDIENTE,
68202-17460 / CORREA / AIRE ACONDICIONADO / HYUNDAI CG25CG25,PENDIENTE,
68210-N/A / TERMINAL COBRE TIPO OJO 70 A / SISTEMA ELECTRICO / GENERALCO55,PENDIENTE,
68212-N/A / TERMINAL COBRE TIPO OJO 125 A / SISTEMA ELECTRICO / GENERALCO55,PENDIENTE,
68212-N/A / TERMINAL COBRE TIPO OJO 125 A / SISTEMA ELECTRICO / GENERALCO39,PENDIENTE,
68226-N/A / SWITCH PULSADOR JOYSTICK / SISTEMA ELECTRICO / GENERALCO39,PENDIENTE,
68226-N/A / SWITCH PULSADOR JOYSTICK / SISTEMA ELECTRICO / GENERALCO55,PENDIENTE,
68234-N/A / CORREA 15390 / MOTOR / GENERALCO44,PENDIENTE,
68246-335/D1067 / MANIFOLD BOMBA / SISTEMA HIDRAULICO / JCB HD 110W RE47RE47,PENDIENTE,
68251-7W2059-IPD / EMPAQUETADURA CULATA / MOTOR / CAT 3208 PE07PE07,PENDIENTE,
68261-6002285 / BOMBA DEPOSITO AGUA LIMPIPARABRISAS / CABINA / KENWORTH - T800VD51,PENDIENTE,
68261-6002285 / BOMBA DEPOSITO AGUA LIMPIPARABRISAS / CABINA / KENWORTH - T800VT39,PENDIENTE,
68265-8980539160 / LAMPARA DELANTERA IZQUIERDA / SISTEMA ELECTRICO / CHEVROLET NKR MOD. 2006 CA02CA02,PENDIENTE,
68266-PF043SLS140 (8943317231) / PERA FRENO AHOGO / SISTEMA FRENO / CHEVROLET NKR MOD. 2006 CA02CA02,PENDIENTE,
68300-662101109K / KINGPIN DE PLATO / ESTRUCTURA / VOLCO RANDOMVR38,PENDIENTE,
68300-662101109K / KINGPIN DE PLATO / ESTRUCTURA / VOLCO RANDOMVR39,PENDIENTE,
68346-FEE149-4-03380 / EMPAQUETADURA COMPLETA CILINDRO HYVA / SISTEMA HIDRAULICO / KENWORTH VDVD77,PENDIENTE,
68349-6101737C1 / LUZ PUERTA / SISTEMA ELECTRICO / INTERNACIONAL PROSTAR VT31VT31,PENDIENTE,
68410-N/A / CAPACITOR 46 UF A 580V / SISTEMA ELECTRICO / KAESER PI15PI15,PENDIENTE,
68410-N/A / CAPACITOR 46 UF A 580V / SISTEMA ELECTRICO / KAESER PI15PI16,PENDIENTE,
68410-N/A / CAPACITOR 46 UF A 580V / SISTEMA ELECTRICO / KAESER PI15PI14,PENDIENTE,
68410-N/A / CAPACITOR 46 UF A 580V / SISTEMA ELECTRICO / KAESER PI15PI17,PENDIENTE,
68593-AT320220 / TANQUE EXPANSION / SISTEMA REFRIGERACION / JHON DEER 410JRE17,PENDIENTE,
68603-N/A / VASTAGO CROMADO DIAMETRO 30 MM X 1 MT / ESTRUCTURA / GENERALTR10,PENDIENTE,
68604-N/A / VASTAGO CROMADO DIAMETRO 40 MM X 1 MT / ESTRUCTURA / GENERALTR10,PENDIENTE,
68990-3253907 / COUPLING EJE EXCENTRICO / SISTEMA VIBRACION / CAT CB2.7 CO52CO52,PENDIENTE,
68992-5674655 / PRISIONERO DE BOLA / CABINA / CAT CB2.7 CO52CO52,PENDIENTE,
68992-5674655 / PRISIONERO DE BOLA / CABINA / CAT CB2.7 CO52CO60,PENDIENTE,
69012-095-1020 (16-19167-001) / BARRA EN V / SUSPENSION / FREIGHTLINER TA05TA05,PENDIENTE,
69012-095-1020 (16-19167-001) / BARRA EN V / SUSPENSION / FREIGHTLINER TA05TA03,PENDIENTE,
69013-RE43497 / SWITCH VENTILADOR / SISTEMA REFRIGERACION / JHON DEERE 410L RE44RE44,PENDIENTE,
69034-334/F0411 / SWITH MODO DIRECCION / SISTEMA ELECTRICO / JCB HD110W RE51RE51,PENDIENTE,
69036-VH16100E0375 / BOMBA AGUA / SISTEMA REFRIGERACION / KOBELCO SK210 RE30RE30,PENDIENTE,
69066-EZC400N3320N / TOTALIZADOR 300 AMP INTERRUPTOR 320A 600 V MARCA SCHNEIDER / SISTEMA ELECTRICO / CONTROL ELECTRICO PA05PA05,PENDIENTE,
69067-4P3977 / EMPAQUETADURA DE CULATA DE CILINDRO / MOTOR / CAT 120H MN11MN11,PENDIENTE,
69141-2848A123 / SENSOR TEMPERATURA DE AGUA PERKINS / SISTEMA REFRIGERACION / WARRIOR 1800 TR10TR10,PENDIENTE,
69263-3328760 / EMPAQUE TAPA REPARTICION / MOTOR ISM / INTER 7600VD131,PENDIENTE,
69334-260-2276 / GUARDA CARRIL / TREN RODAJE / CAT 324D RE23RE23,PENDIENTE,
69335-328546ETN / KIT SPLINDER / SISTEMA DIRECCION / KENWORTH T800 VT39VT39,PENDIENTE,
69544-3013423 / SOLENOIDE (12 VDC)CONTROL BOMBA / HIDRAULICO / CO46 - CAT CB534DCO46,PENDIENTE,
69591-K256-880-4R / LAMPARA FRONTAL DERECHA (CARCASA DE UNIDADES) / SISTEMA ELECTRICO / KENWORTH T800VD69,PENDIENTE,
69592-3-2048-3 / BISEL FARO DOBLE EMBELLECEDOR / CABINA / KENWORTH T800VD69,PENDIENTE,
"600167-LLAVE PARA TUBO 24""TR03",PENDIENTE,
